{"cameraMode":{"drawMode":0,"name":"Shaded","section":"Shading Mode"},"sceneLighting":false,"audioPlay":false,"sceneViewState":{"showFog":true,"showMaterialUpdate":false,"showSkybox":false,"showFlares":true,"showImageEffects":true,"showParticleSystems":true},"in2DMode":false,"pivot":{"x":-25.0,"y":0.16623729467391969,"z":70.00001525878906},"rotation":{"x":-0.6356201767921448,"y":-0.0006975826108828187,"z":0.0005737383617088199,"w":-0.7720040082931519},"size":272.9482421875,"orthographic":false}