{"cameraMode":{"drawMode":0,"name":"Shaded","section":"Shading Mode"},"sceneLighting":false,"audioPlay":false,"sceneViewState":{"showFog":true,"showMaterialUpdate":false,"showSkybox":false,"showFlares":true,"showImageEffects":true,"showParticleSystems":true},"in2DMode":false,"pivot":{"x":0.0,"y":1.2807674407958985,"z":-0.000008106231689453125},"rotation":{"x":-0.39924582839012148,"y":0.37884199619293215,"z":-0.18580704927444459,"w":-0.8139911890029907},"size":4.47572660446167,"orthographic":false}